ID,Name,Initial,Description
55770,ka,k,climb/ascend
55771,kʰaː,k,cough
55772,taː,t,descend
55773,saː,s,do/make
55774,zaː,z,eat
55775,tlaː,t,far
55776,waː,w,go
55777,kwaː,k,hair (body)
55778,ʃaː,ʃ,hundred
55779,zaː,z,ill/hurt
55780,saː,s,flesh/meat/animal
55781,caː,c,necklace
55782,jaː,j,palm (hand)
55783,pʰaː,p,seek
55784,d͡zaː,d,sharpen
55785,raː,r,ten
55786,naː,n,ear
55787,ŋaː,ŋ,five
55788,naː,n,hear
55789,naː,n,leaf
55790,naː,n,nose
55791,tʰi,t,bile
55792,sʰi,s,blood
55793,li,l,blow
55794,si,s,comb
55795,tʰi,t,die
55796,t͡si,t,fear
55797,tli,t,four
55798,mi,m,give
55799,t͡si,t,horn
55800,ri,r,medicine
55801,ni,n,mother-in-law/paternal aunt
55802,si,s,one
55803,t͡si,t,salt
55804,ni,n,seven
55805,r̥e,r,son-in-law/daughter-in-law
55806,li,l,steal
55807,ni,n,two
55808,lo,l,buy
55809,ho,h,call
55810,ko,k,nine
55811,ru,r,bone
55812,nuj,n,breast
55814,d͡zu,d,grandchild
55815,kʰu,k,insect
55816,suj,s,tie
55817,kaj,k,break
55818,ŋaj,ŋ,desire/want
55819,plaj,p,easy/cheap
55820,ʃaj,ʃ,eat (fruit)
55821,kʰaj,k,fish/aquatic creature
55822,praj,p,fly
55823,caj,c,lip
55824,naj,n,near
55826,naj,n,pus
55827,naj,n,twist/knead
55828,laj,l,forget
55829,laj,l,navel
55830,kʰaj,k,knife
55831,haj,h,vagina
55832,naw,n,child/young/younger aunt
55834,tʰaːw,t,drive
55835,tʰaw,t,fat
55837,kaw,k,thin
55838,w̥uj,w,dog
55839,d͡zuj,d,egg
55840,tʰuj,t,exchange
55841,nuj,n,laugh/mock
55842,d͡zuj,d,water
55843,lej,l,be/exist/have
55844,kej,k,bite
55845,mej,m,brother/sister (older)
55846,kʰej,k,crooked
55847,lej,l,earth
55848,mej,m,fire
55849,pʰej,p,foot/leg
55850,tʰej,t,fruit
55851,tʰej,t,know/see
55852,mej,m,more than
55853,zej,z,spear
55854,lej,l,squirrel
55855,mej,m,tail
55856,lej,l,tongue
55857,rew,r,crab
55858,pʰrew,p,wash (hands)
55859,tʰoːw,t,awaken
55860,mak,m,brother-in-law
55861,cʰoːw,c,burn
55862,cʰoːw,c,dig
55863,loːw,l,field
55864,koːw,k,head
55865,moːw,m,itchy
55866,koːw,k,pestle
55867,cow,c,tall
55868,tloːw,t,word/speech
55869,kʰoːj,k,bee
55870,moːw,m,sister-in-law
55871,moj,m,cloud
55872,ʃoj,ʃ,decay
55873,poj,p,full/complete
55874,joj,j,leftside
55875,soj,s,tempt
55876,loj,l,water buffalo
55877,hoːj,h,wither/fade
55878,naːm,n,basket strap
55879,ʃaːm,ʃ,chase
55880,nɐm,n,decieve
55881,sɐːm,s,hair (head)
55882,rɐːm,r,otter
55883,ɐːm,ɐ,pot
55884,sɐm,s,run/flee
55885,pɐm,p,sit
55886,nɐːm,n,smell
55887,rɐːm,r,village/land
55888,ŋoːm,ŋ,bear
55889,kʰaːm,k,door
55890,sʰam,s,rice (hulled)
55891,nim,n,damp/gentle
55892,ʃiːm,ʃ,house
55893,prim,p,needle
55894,ʃiːm,ʃ,sweet
55895,rum,r,add together
55896,kʰum,k,back
55897,tʰum,t,hide
55898,ŋum,ŋ,round
55899,tʰum,t,three
55900,lum,l,warm
55901,kum,k,year
55902,pʰɐn,p,blow
55903,hɐːn,h,curry/green vegetable
55904,hɐːn,h,expect
55905,t͡sɐn,t,sharp
55906,ʃɐŋ,ʃ,clothes
55907,kaːn,k,cross
55908,ban,b,hand/arm
55909,tʰiːn,t,liver
55910,min,m,ripe/well-cooked
55912,pwon,p,flower
55915,ŋun,ŋ,corpse
55916,sun,s,join
55917,ʃɐŋ,ʃ,clan
55918,mɐːŋ,m,dream
55919,mɐːŋ,m,drink
55920,zɐːŋ,z,enter
55921,loj,l,fall (from a height)
55922,ʃʰɐːŋ,ʃ,penis
55923,tɐŋ,t,pine (tree)
55924,tʰeŋ,t,dry
55925,reŋ,r,finger/toe
55926,reŋ,r,hunt
55927,pweŋ,p,lightweight
55928,r̥iŋ,r,alive
55929,miŋ,m,name
55930,ziŋ,z,sky/heaven/rain
55931,niŋ,n,stand
55932,niŋ,n,think/soul
55933,tʰiŋ,t,wood/tree
55934,joːŋ,j,monkey
55935,ʃuŋ,ʃ,correct
55936,luŋ,l,heart
55937,pʰuŋ,p,mountain
55939,juŋ,j,root
55940,luŋ,l,stone
55942,raːl,r,enemy/war
55943,r̥iːl,r,intestines
55944,koːl,k,horse
55945,hoːl,h,skin/bark
55946,pʰəruːl,p,snake
55947,kul,k,twenty
55948,kʰul,k,village
55949,tʰɐr,t,clean
55950,ɐːr,ɐ,fowl/chicken
55951,tʰɐːr,t,new
55952,zɐːr,z,sister
55953,cɐr,c,white
55954,pʰar,p,lung
55955,pwar,p,mushroom
55956,sar,s,old
55957,koːr,k,bark
55958,moːr,m,mouth
55959,jwoːr,j,sell
55960,kʰur,k,hole/anus
55961,ʃur,ʃ,follow
55962,tʰuːr,t,sour
55963,ʃɐːp,ʃ,have the ability
55964,nɐːp,n,snot
55965,nɐːp,n,stick (v.)
55967,cɐːp,c,cry/weep
55968,rap,r,rib
55969,kap,k,shoot
55970,jip,j,sleep/lie down
55972,kʰop,k,sew
55973,kup,k,finish
55974,tɐːt,t,cut (vegetables)
55975,tʰɐːt,t,kill
55976,waːt,w,burst
55978,zat,z,rice (cooked)
55980,meːt,m,squeeze/extinguish
55981,r̥iːt,r,heavy
55982,w̥ot,w,ashes
55983,moːt,m,banana
55986,kʰut,k,smoke
55987,jɐk,j,ashamed
55988,hɐk,h,big
55989,kʰɐːk,k,breath
55990,nɐk,n,"fine, be"
55991,d͡zɐk,d,weave
55992,tʰak,t,fast/quick
55993,tek,t,green
55994,lek,l,lick
55995,miːk,m,eye/sun
55996,r̥ik,r,louse
55997,ziːk,z,black
55998,d͡zik,d,burn
55999,tʰik,t,lung/chest
56000,dlok,d,brain
56001,ʃok,ʃ,emerge
56002,w̥oːk,w,pig
56004,pwuk,p,belly/stomach
56005,ʃuk,ʃ,borrow
56006,tʰuk,t,deep
56007,kʰuk,k,knee
56008,ruk,r,six
56009,ʃoŋ,ʃ,road
56010,w̥aː,w,tooth
56011,jaː,j,night
56012,zaːt,z,walk
56013,ʃaːt,ʃ,thorn
56014,ʃuːt,ʃ,rub/brush
56015,tɐk,t,grind/pound/crush
56016,dlek,d,break
56017,nuk,n,shake
56018,roːk,r,throat/larynx/voice
56019,dliŋ,d,marrow
56020,kɐːk,k,cut (wood)
56021,lɐːt,l,self
56022,raː,r,star
56023,haːw,h,start
56024,ʃi,ʃ,wind (n.)
56025,jon,j,"wrong, be"
56026,teːw,t,small/few
56028,pwaː,p,father/male
56030,baj,b,yam
56031,mej,m,goat
56032,d͡zɐːr,d,older relative
56035,laː,l,daughter
56036,saːŋ,s,long
56037,caŋ,c,moon
56038,pʰaːŋ,p,branch
56039,kʰaŋ,k,lift
56040,caŋ,c,mosquito
56041,fu,f,elephant
56042,d͡zej,d,large/big
56043,kʰoŋ,k,boat
56045,jam,j,run/flee
56046,lɐŋ,l,raptor / falcom / hawk / kite
56047,t͡si,t,tight
56048,ju,j,kiss
56049,liŋ,l,ant
56050,rej,r,twist
56051,haːm,h,yawn
56052,ceːr,c,saliva
56053,ʃuŋ,ʃ,close/shut
56054,ʃʰo,ʃ,open
56055,kaː,k,open (mouth)
56056,zim,z,suck (as a leech)
56058,kaːr,k,strong
56059,kʰoːŋ,k,neck
56060,kej,k,kidney
56061,jɐp,j,hit/strike
56063,kaw,k,dry (v.t.)
56064,ju,j,wet
56065,ʃuːp,ʃ,pick up
56066,mi,m,cat
56067,ŋa,ŋ,fish
56068,tʰaj,t,hungry
56069,laː,l,untie/loose
56071,nur,n,fight
56072,d͡zeːŋ,d,lizard
56073,pʰraː,p,good
56074,koːŋ,k,river
56075,cʰaŋ,c,like/want
56077,tʰaː,t,resemble
56078,hur,h,fan
56079,nir,n,wrinkle
56080,nem,n,low
56081,laː,l,star
56082,him,h,bear
56083,tʰɐːk,t,kick
56084,tʰaː,t,seed
56088,ʔaː,ʔ,3rd person
56089,ʔej,ʔ,1st person
56091,maj,m,face
56094,mi,m,man/human
56095,ri,r,iron
56098,ruːŋ,r,trunk (of tree)?
56099,raː,r,come
56101,pwo,p,crawl
56102,pʰiːt,p,hit
56103,bwoːk,b,burst
56106,ŋoːw,ŋ,fry
56107,row,r,roast
56108,re,r,toast
56109,mit,m,rub
56111,pʰuŋ,p,carry (on shoulders)
56112,raː,r,arrive
56113,su,s,wash
56114,cʰiːk,c,wash (hands)
56115,saː,s,lend
56116,loj,l,roll (in a roll)
56118,sɐk,s,difficult/hard
56119,w̥e,w,late
56120,kʰaːw,k,dirty
56121,paj,p,shallow
56123,maŋ,m,lost
56124,haw,h,rough
56126,jɐːŋ,j,look
56127,tʰo,t,full/satiated
56130,tʰi,t,numb/paralyzed
56132,ta,t,bird
56133,kʰu,k,tiger
56134,ʃuŋ,ʃ,arrive
56135,cʰaŋ,c,wing
56136,pwaːk,p,side
56143,saː,s,hot/spicy/pungent
56144,sik,s,pinch
56145,sʰik,s,cold
56146,l̥a,l,shadow/spirit/soul
56147,t͡su,t,touch
56149,waw,w,shout
56151,kow,k,cold
56152,hoːl,h,ginger
56153,kʰok,k,peel (v.)/strip (v.)
56154,ʃaː,ʃ,thick
56155,kʰaj,k,scoop out
56157,pʰen,p,belly
56158,w̥or,w,light/shine
56159,maː,m,scar/wound
56160,sʰɐːŋ,s,swallow
56161,maː,m,rice (in field)
56162,d͡zaː,d,child/diminutive
56163,ʃiːm,ʃ,mortar
56166,ʃaː,ʃ,hear
56168,t͡si,t,parrot
56169,jaː,j,right side
56170,l̥aː,l,song
56172,ʃun,ʃ,day
56173,ru,r,chop
56174,muk,m,cattle
56178,cuŋ,c,many
56180,cɐːŋ,c,thirst
56182,niŋ,n,mind/think
56183,pew,p,blind
56184,kʰoːk,k,deaf
56185,lam,l,placenta
56186,maːn,m,price
56187,jaː,j,respect
56192,lo,l,vomit
58161,se,s,cattle/buffalo
58162,kʰo,k,foot
58163,kʰuːt,k,hand/arm
58164,mit,m,eye/sun
58165,pi,p,sleep
58341,dluŋ,d,descend
58370,baj,b,defecate
58390,caw,c,deer
59651,mew,m,dark
59654,tɐn,t,put/place
59835,laː,l,moon
60267,haŋ,h,ask
60268,luk,l,basket
60269,kʰaː,k,crow (n.)
60276,taj,t,elephant
60279,mot,m,plantain
60288,ða,ð,young (animal)
60381,huŋ,h,red
70741,kʰroːn,k,voice
70742,cir,c,urine
70744,ceŋ,c,fly
70745,kʰaːm,k,stop / shut
70746,zaw,z,bracelet
70747,len,l,snare / trap
70749,ʃaːŋ,ʃ,thigh
70751,kʰoŋ,k,bark
70752,tʰi,t,sneeze
70753,riːn,r,tickle
73760,kwaːj,k,hair (body)
